<?xml version="1.0" encoding="UTF-8"?>
<project-private xmlns="http://www.netbeans.org/ns/project-private/1">
    <editor-bookmarks xmlns="http://www.netbeans.org/ns/editor-bookmarks/2" lastBookmarkId="0"/>
    <open-files xmlns="http://www.netbeans.org/ns/projectui-open-files/2">
        <group>
            <file>file:/C:/Users/Dueñas/Documents/NetBeansProjects/MantenimientoClientesCon_MVC/src/controlador/Principal.java</file>
            <file>file:/C:/Users/Dueñas/Documents/NetBeansProjects/MantenimientoClientesCon_MVC/src/vista/VentanaRegistro.java</file>
            <file>file:/C:/Users/Dueñas/Documents/NetBeansProjects/MantenimientoClientesCon_MVC/src/modelo/vo/ClienteVo.java</file>
            <file>file:/C:/Users/Dueñas/Documents/NetBeansProjects/MantenimientoClientesCon_MVC/src/modelo/dao/ClienteDao.java</file>
        </group>
    </open-files>
</project-private>
