<?xml version="1.0" encoding="UTF-8"?>
<project-private xmlns="http://www.netbeans.org/ns/project-private/1">
    <editor-bookmarks xmlns="http://www.netbeans.org/ns/editor-bookmarks/2" lastBookmarkId="0"/>
    <open-files xmlns="http://www.netbeans.org/ns/projectui-open-files/2">
        <group>
            <file>file:/C:/Users/arley/Dropbox/Repositorio%20Apps/Apps/Java/Ejemplo%20MVC%20con%20java%20Netbeans%207.4/MantenimientoClientesCon_MVC/MantenimientoClientesCon_MVC/src/modelo/Logica.java</file>
            <file>file:/C:/Users/arley/Dropbox/Repositorio%20Apps/Apps/Java/Ejemplo%20MVC%20con%20java%20Netbeans%207.4/MantenimientoClientesCon_MVC/MantenimientoClientesCon_MVC/src/modelo/conexion/Conexion.java</file>
        </group>
    </open-files>
</project-private>
