<?xml version="1.0" encoding="UTF-8"?><?xml-stylesheet type='text/xsl' href='_UpgradeReport_Files/UpgradeReport.xslt'?><UpgradeLog>
<Properties><Property Name="Solution" Value="ABM">
</Property><Property Name="Solution File" Value="D:\UDI\10mo\Proyecto de Grado II\Prog. 3 Capas\ABM basico + SQL (.NET) (con clases) 3 capas\ABM basico + SQL (.NET) (con clases) 3 capas\ABM.sln">
</Property><Property Name="User Options File" Value="D:\UDI\10mo\Proyecto de Grado II\Prog. 3 Capas\ABM basico + SQL (.NET) (con clases) 3 capas\ABM basico + SQL (.NET) (con clases) 3 capas\ABM.suo">
</Property><Property Name="Date" Value="domingo, 29 de marzo de 2015">
</Property><Property Name="Time" Value="20:35 p. m.">
</Property></Properties><Event ErrorLevel="0" Project="" Source="ABM.sln" Description="File successfully backed up as D:\UDI\10mo\Proyecto de Grado II\Prog. 3 Capas\ABM basico + SQL (.NET) (con clases) 3 capas\ABM basico + SQL (.NET) (con clases) 3 capas\Backup\ABM.sln">
</Event><Event ErrorLevel="0" Project="" Source="ABM.suo" Description="File successfully backed up as D:\UDI\10mo\Proyecto de Grado II\Prog. 3 Capas\ABM basico + SQL (.NET) (con clases) 3 capas\ABM basico + SQL (.NET) (con clases) 3 capas\Backup\ABM.suo">
</Event><Event ErrorLevel="0" Project="ABM" Source="ABM\ABM.vbproj" Description="Project file successfully backed up as D:\UDI\10mo\Proyecto de Grado II\Prog. 3 Capas\ABM basico + SQL (.NET) (con clases) 3 capas\ABM basico + SQL (.NET) (con clases) 3 capas\Backup\ABM\ABM.vbproj">
</Event><Event ErrorLevel="0" Project="ABM" Source="ABM\ABM.vbproj.user" Description="Project user file successfully backed up as D:\UDI\10mo\Proyecto de Grado II\Prog. 3 Capas\ABM basico + SQL (.NET) (con clases) 3 capas\ABM basico + SQL (.NET) (con clases) 3 capas\Backup\ABM\ABM.vbproj.user">
</Event><Event ErrorLevel="0" Project="ABM" Source="ABM\Datos\cBaseDatos.vb" Description="File successfully backed up as D:\UDI\10mo\Proyecto de Grado II\Prog. 3 Capas\ABM basico + SQL (.NET) (con clases) 3 capas\ABM basico + SQL (.NET) (con clases) 3 capas\Backup\ABM\Datos\cBaseDatos.vb">
</Event><Event ErrorLevel="0" Project="ABM" Source="ABM\UI\frmCiudad.Designer.vb" Description="File successfully backed up as D:\UDI\10mo\Proyecto de Grado II\Prog. 3 Capas\ABM basico + SQL (.NET) (con clases) 3 capas\ABM basico + SQL (.NET) (con clases) 3 capas\Backup\ABM\UI\frmCiudad.Designer.vb">
</Event><Event ErrorLevel="0" Project="ABM" Source="ABM\UI\frmCiudad.vb" Description="File successfully backed up as D:\UDI\10mo\Proyecto de Grado II\Prog. 3 Capas\ABM basico + SQL (.NET) (con clases) 3 capas\ABM basico + SQL (.NET) (con clases) 3 capas\Backup\ABM\UI\frmCiudad.vb">
</Event><Event ErrorLevel="0" Project="ABM" Source="ABM\UI\frmCiudades.Designer.vb" Description="File successfully backed up as D:\UDI\10mo\Proyecto de Grado II\Prog. 3 Capas\ABM basico + SQL (.NET) (con clases) 3 capas\ABM basico + SQL (.NET) (con clases) 3 capas\Backup\ABM\UI\frmCiudades.Designer.vb">
</Event><Event ErrorLevel="0" Project="ABM" Source="ABM\UI\frmCiudades.vb" Description="File successfully backed up as D:\UDI\10mo\Proyecto de Grado II\Prog. 3 Capas\ABM basico + SQL (.NET) (con clases) 3 capas\ABM basico + SQL (.NET) (con clases) 3 capas\Backup\ABM\UI\frmCiudades.vb">
</Event><Event ErrorLevel="0" Project="ABM" Source="ABM\UI\frmMenu.Designer.vb" Description="File successfully backed up as D:\UDI\10mo\Proyecto de Grado II\Prog. 3 Capas\ABM basico + SQL (.NET) (con clases) 3 capas\ABM basico + SQL (.NET) (con clases) 3 capas\Backup\ABM\UI\frmMenu.Designer.vb">
</Event><Event ErrorLevel="0" Project="ABM" Source="ABM\UI\frmMenu.vb" Description="File successfully backed up as D:\UDI\10mo\Proyecto de Grado II\Prog. 3 Capas\ABM basico + SQL (.NET) (con clases) 3 capas\ABM basico + SQL (.NET) (con clases) 3 capas\Backup\ABM\UI\frmMenu.vb">
</Event><Event ErrorLevel="0" Project="ABM" Source="ABM\modMain.vb" Description="File successfully backed up as D:\UDI\10mo\Proyecto de Grado II\Prog. 3 Capas\ABM basico + SQL (.NET) (con clases) 3 capas\ABM basico + SQL (.NET) (con clases) 3 capas\Backup\ABM\modMain.vb">
</Event><Event ErrorLevel="0" Project="ABM" Source="ABM\My Project\AssemblyInfo.vb" Description="File successfully backed up as D:\UDI\10mo\Proyecto de Grado II\Prog. 3 Capas\ABM basico + SQL (.NET) (con clases) 3 capas\ABM basico + SQL (.NET) (con clases) 3 capas\Backup\ABM\My Project\AssemblyInfo.vb">
</Event><Event ErrorLevel="0" Project="ABM" Source="ABM\My Project\Application.Designer.vb" Description="File successfully backed up as D:\UDI\10mo\Proyecto de Grado II\Prog. 3 Capas\ABM basico + SQL (.NET) (con clases) 3 capas\ABM basico + SQL (.NET) (con clases) 3 capas\Backup\ABM\My Project\Application.Designer.vb">
</Event><Event ErrorLevel="0" Project="ABM" Source="ABM\My Project\Resources.Designer.vb" Description="File successfully backed up as D:\UDI\10mo\Proyecto de Grado II\Prog. 3 Capas\ABM basico + SQL (.NET) (con clases) 3 capas\ABM basico + SQL (.NET) (con clases) 3 capas\Backup\ABM\My Project\Resources.Designer.vb">
</Event><Event ErrorLevel="0" Project="ABM" Source="ABM\My Project\Settings.Designer.vb" Description="File successfully backed up as D:\UDI\10mo\Proyecto de Grado II\Prog. 3 Capas\ABM basico + SQL (.NET) (con clases) 3 capas\ABM basico + SQL (.NET) (con clases) 3 capas\Backup\ABM\My Project\Settings.Designer.vb">
</Event><Event ErrorLevel="0" Project="ABM" Source="ABM\Reglas\cCiudades.vb" Description="File successfully backed up as D:\UDI\10mo\Proyecto de Grado II\Prog. 3 Capas\ABM basico + SQL (.NET) (con clases) 3 capas\ABM basico + SQL (.NET) (con clases) 3 capas\Backup\ABM\Reglas\cCiudades.vb">
</Event><Event ErrorLevel="0" Project="ABM" Source="ABM\Reglas\cPaises.vb" Description="File successfully backed up as D:\UDI\10mo\Proyecto de Grado II\Prog. 3 Capas\ABM basico + SQL (.NET) (con clases) 3 capas\ABM basico + SQL (.NET) (con clases) 3 capas\Backup\ABM\Reglas\cPaises.vb">
</Event><Event ErrorLevel="0" Project="ABM" Source="ABM\Reglas\cProvincias.vb" Description="File successfully backed up as D:\UDI\10mo\Proyecto de Grado II\Prog. 3 Capas\ABM basico + SQL (.NET) (con clases) 3 capas\ABM basico + SQL (.NET) (con clases) 3 capas\Backup\ABM\Reglas\cProvincias.vb">
</Event><Event ErrorLevel="0" Project="ABM" Source="ABM\UI\frmPais.Designer.vb" Description="File successfully backed up as D:\UDI\10mo\Proyecto de Grado II\Prog. 3 Capas\ABM basico + SQL (.NET) (con clases) 3 capas\ABM basico + SQL (.NET) (con clases) 3 capas\Backup\ABM\UI\frmPais.Designer.vb">
</Event><Event ErrorLevel="0" Project="ABM" Source="ABM\UI\frmPais.vb" Description="File successfully backed up as D:\UDI\10mo\Proyecto de Grado II\Prog. 3 Capas\ABM basico + SQL (.NET) (con clases) 3 capas\ABM basico + SQL (.NET) (con clases) 3 capas\Backup\ABM\UI\frmPais.vb">
</Event><Event ErrorLevel="0" Project="ABM" Source="ABM\UI\frmPaises.Designer.vb" Description="File successfully backed up as D:\UDI\10mo\Proyecto de Grado II\Prog. 3 Capas\ABM basico + SQL (.NET) (con clases) 3 capas\ABM basico + SQL (.NET) (con clases) 3 capas\Backup\ABM\UI\frmPaises.Designer.vb">
</Event><Event ErrorLevel="0" Project="ABM" Source="ABM\UI\frmPaises.vb" Description="File successfully backed up as D:\UDI\10mo\Proyecto de Grado II\Prog. 3 Capas\ABM basico + SQL (.NET) (con clases) 3 capas\ABM basico + SQL (.NET) (con clases) 3 capas\Backup\ABM\UI\frmPaises.vb">
</Event><Event ErrorLevel="0" Project="ABM" Source="ABM\UI\frmProvincia.Designer.vb" Description="File successfully backed up as D:\UDI\10mo\Proyecto de Grado II\Prog. 3 Capas\ABM basico + SQL (.NET) (con clases) 3 capas\ABM basico + SQL (.NET) (con clases) 3 capas\Backup\ABM\UI\frmProvincia.Designer.vb">
</Event><Event ErrorLevel="0" Project="ABM" Source="ABM\UI\frmProvincia.vb" Description="File successfully backed up as D:\UDI\10mo\Proyecto de Grado II\Prog. 3 Capas\ABM basico + SQL (.NET) (con clases) 3 capas\ABM basico + SQL (.NET) (con clases) 3 capas\Backup\ABM\UI\frmProvincia.vb">
</Event><Event ErrorLevel="0" Project="ABM" Source="ABM\UI\frmProvincias.Designer.vb" Description="File successfully backed up as D:\UDI\10mo\Proyecto de Grado II\Prog. 3 Capas\ABM basico + SQL (.NET) (con clases) 3 capas\ABM basico + SQL (.NET) (con clases) 3 capas\Backup\ABM\UI\frmProvincias.Designer.vb">
</Event><Event ErrorLevel="0" Project="ABM" Source="ABM\UI\frmProvincias.vb" Description="File successfully backed up as D:\UDI\10mo\Proyecto de Grado II\Prog. 3 Capas\ABM basico + SQL (.NET) (con clases) 3 capas\ABM basico + SQL (.NET) (con clases) 3 capas\Backup\ABM\UI\frmProvincias.vb">
</Event><Event ErrorLevel="0" Project="ABM" Source="ABM\Utiles\cUtiles.vb" Description="File successfully backed up as D:\UDI\10mo\Proyecto de Grado II\Prog. 3 Capas\ABM basico + SQL (.NET) (con clases) 3 capas\ABM basico + SQL (.NET) (con clases) 3 capas\Backup\ABM\Utiles\cUtiles.vb">
</Event><Event ErrorLevel="0" Project="ABM" Source="ABM\My Project\Application.myapp" Description="File successfully backed up as D:\UDI\10mo\Proyecto de Grado II\Prog. 3 Capas\ABM basico + SQL (.NET) (con clases) 3 capas\ABM basico + SQL (.NET) (con clases) 3 capas\Backup\ABM\My Project\Application.myapp">
</Event><Event ErrorLevel="0" Project="ABM" Source="ABM\My Project\Settings.settings" Description="File successfully backed up as D:\UDI\10mo\Proyecto de Grado II\Prog. 3 Capas\ABM basico + SQL (.NET) (con clases) 3 capas\ABM basico + SQL (.NET) (con clases) 3 capas\Backup\ABM\My Project\Settings.settings">
</Event><Event ErrorLevel="0" Project="ABM" Source="ABM\icono.ico" Description="File successfully backed up as D:\UDI\10mo\Proyecto de Grado II\Prog. 3 Capas\ABM basico + SQL (.NET) (con clases) 3 capas\ABM basico + SQL (.NET) (con clases) 3 capas\Backup\ABM\icono.ico">
</Event><Event ErrorLevel="0" Project="ABM" Source="ABM\My Project\Resources.resx" Description="File successfully backed up as D:\UDI\10mo\Proyecto de Grado II\Prog. 3 Capas\ABM basico + SQL (.NET) (con clases) 3 capas\ABM basico + SQL (.NET) (con clases) 3 capas\Backup\ABM\My Project\Resources.resx">
</Event><Event ErrorLevel="0" Project="ABM" Source="ABM\UI\frmCiudad.resx" Description="File successfully backed up as D:\UDI\10mo\Proyecto de Grado II\Prog. 3 Capas\ABM basico + SQL (.NET) (con clases) 3 capas\ABM basico + SQL (.NET) (con clases) 3 capas\Backup\ABM\UI\frmCiudad.resx">
</Event><Event ErrorLevel="0" Project="ABM" Source="ABM\UI\frmCiudades.resx" Description="File successfully backed up as D:\UDI\10mo\Proyecto de Grado II\Prog. 3 Capas\ABM basico + SQL (.NET) (con clases) 3 capas\ABM basico + SQL (.NET) (con clases) 3 capas\Backup\ABM\UI\frmCiudades.resx">
</Event><Event ErrorLevel="0" Project="ABM" Source="ABM\UI\frmMenu.resx" Description="File successfully backed up as D:\UDI\10mo\Proyecto de Grado II\Prog. 3 Capas\ABM basico + SQL (.NET) (con clases) 3 capas\ABM basico + SQL (.NET) (con clases) 3 capas\Backup\ABM\UI\frmMenu.resx">
</Event><Event ErrorLevel="0" Project="ABM" Source="ABM\UI\frmPais.resx" Description="File successfully backed up as D:\UDI\10mo\Proyecto de Grado II\Prog. 3 Capas\ABM basico + SQL (.NET) (con clases) 3 capas\ABM basico + SQL (.NET) (con clases) 3 capas\Backup\ABM\UI\frmPais.resx">
</Event><Event ErrorLevel="0" Project="ABM" Source="ABM\UI\frmPaises.resx" Description="File successfully backed up as D:\UDI\10mo\Proyecto de Grado II\Prog. 3 Capas\ABM basico + SQL (.NET) (con clases) 3 capas\ABM basico + SQL (.NET) (con clases) 3 capas\Backup\ABM\UI\frmPaises.resx">
</Event><Event ErrorLevel="0" Project="ABM" Source="ABM\UI\frmProvincia.resx" Description="File successfully backed up as D:\UDI\10mo\Proyecto de Grado II\Prog. 3 Capas\ABM basico + SQL (.NET) (con clases) 3 capas\ABM basico + SQL (.NET) (con clases) 3 capas\Backup\ABM\UI\frmProvincia.resx">
</Event><Event ErrorLevel="0" Project="ABM" Source="ABM\UI\frmProvincias.resx" Description="File successfully backed up as D:\UDI\10mo\Proyecto de Grado II\Prog. 3 Capas\ABM basico + SQL (.NET) (con clases) 3 capas\ABM basico + SQL (.NET) (con clases) 3 capas\Backup\ABM\UI\frmProvincias.resx">
</Event><Event ErrorLevel="0" Project="ABM" Source="ABM\ABM.vbproj" Description="Project converted successfully">
</Event><Event ErrorLevel="3" Project="ABM" Source="ABM\ABM.vbproj" Description="Converted">
</Event><Event ErrorLevel="0" Project="" Source="ABM.sln" Description="Solution converted successfully">
</Event><Event ErrorLevel="3" Project="" Source="ABM.sln" Description="Converted">
</Event><Event ErrorLevel="0" Project="ABM" Source="ABM\ABM.vbproj" Description="Scan complete: Upgrade not required for project files.">
</Event></UpgradeLog>